ticker,name,sector
THYAO,Türk Hava Yolları,Transportation
ASELS,Aselsan,Defense
AKBNK,Akbank,Banking
TUPRS,Tüpraş,Energy
ASTOR,Astor Enerji,Industrials
YKBNK,Yapı Kredi Bankası,Banking
ISCTR,İş Bankası (C),Banking
TRALT,Türk Altın İşletmeleri,Mining
EREGL,Ereğli Demir Çelik,Metals
KCHOL,Koç Holding,Holding
KTLEV,Katılımevim,Financial Services
GARAN,Garanti BBVA,Banking
BIMAS,BİM Mağazalar,Retail
SAHOL,Sabancı Holding,Holding
TCELL,Turkcell,Telecom
DSTKF,Destek Faktoring,Financial Services
EKGYO,Emlak Konut GYO,Real Estate
CWENE,CW Enerji,Utilities
SISE,Şişecam,Industrials
KRDMD,Kardemir (D),Metals
TTKOM,Türk Telekom,Telecom
HALKB,Halkbank,Banking
PETKM,Petkim,Chemicals
MGROS,Migros,Retail
VAKBN,Vakıfbank,Banking
PASEU,Pasifik Eurasia Lojistik,Transportation
EUPWR,Europower Enerji,Industrials
FROTO,Ford Otosan,Automotive
PGSUS,Pegasus,Transportation
GUBRF,Gübre Fabrikaları,Chemicals
BRSAN,Borusan Boru,Metals
TKFEN,Tekfen Holding,Holding
BALSU,Balsu Gıda,Food & Beverage
ENKAI,Enka İnşaat,Construction
HEKTS,Hektaş,Chemicals
TOASO,Tofaş,Automotive
SELEC,Selçuk Ecza,Healthcare
GESAN,Girişim Elektrik,Industrials
TAVHL,TAV Havalimanları,Transportation
IEYHO,Işıklar Enerji Yapı Holding,Holding
SKBNK,Şekerbank,Banking
AEFES,Anadolu Efes,Food & Beverage
AKSEN,Aksa Enerji,Utilities
MIATK,Mia Teknoloji,Technology
PSGYO,Pasifik GYO,Real Estate
GLRMK,Gülermak,Construction
YEOTK,YEO Teknoloji,Industrials
ALKLC,Altınkılıç Gıda,Food & Beverage
ENERY,Enerya Enerji,Utilities
SASA,SASA Polyester,Chemicals
ULKER,Ülker,Food & Beverage
MAGEN,Margün Enerji,Utilities
CVKMD,CVK Maden,Mining
ODAS,Odaş Elektrik,Utilities
CCOLA,Coca-Cola İçecek,Food & Beverage
BTCIM,Batıçim,Construction Materials
ALARK,Alarko Holding,Holding
IZENR,İzdemir Enerji,Utilities
TURSG,Türkiye Sigorta,Insurance
ALTNY,Altınay Savunma,Defense
OYAKC,Oyak Çimento,Construction Materials
ENJSA,Enerjisa Enerji,Utilities
CIMSA,Çimsa,Construction Materials
FENER,Fenerbahçe,Sports
CANTE,Çan2 Termik,Utilities
BINHO,1000 Yatırımlar Holding,Holding
ECILC,Eczacıbaşı İlaç,Healthcare
KARSN,Karsan Otomotiv,Automotive
MPARK,MLP Sağlık,Healthcare
SOKM,Şok Marketler,Retail
TSPOR,Trabzonspor,Sports
VESTL,Vestel,Consumer Durables
SMRTG,Smart Güneş Enerjisi,Industrials
AKFYE,Akfen Yenilenebilir Enerji,Utilities
GRTHO,Grainturk Holding,Holding
OTKAR,Otokar,Automotive
TABGD,TAB Gıda,Food & Beverage
AKSA,Aksa Akrilik,Chemicals
DOHOL,Doğan Holding,Holding
SDTTR,SDT Uzay ve Savunma,Defense
ISMEN,İş Yatırım,Financial Services
BSOKE,Batısöke Çimento,Construction Materials
KCAER,Kocaer Çelik,Metals
OBAMS,Oba Makarnacılık,Food & Beverage
GSRAY,Galatasaray,Sports
MAVI,Mavi Giyim,Retail
TSKB,TSKB,Banking
ZOREN,Zorlu Enerji,Utilities
AGHOL,Anadolu Grubu Holding,Holding
DOAS,Doğuş Otomotiv,Automotive
TUKAS,Tukaş,Food & Beverage
ARCLK,Arçelik,Consumer Durables
GRSEL,Gür-Sel Turizm,Transportation
AGROT,Agrotech,Technology
ENTRA,IC Enterra Yenilenebilir,Utilities
LMKDC,Limak Doğu Anadolu Çimento,Construction Materials
RYGYO,Reysaş GYO,Real Estate
ANSGR,Anadolu Sigorta,Insurance
REEDR,Reeder Teknoloji,Technology
EGEEN,Ege Endüstri,Automotive
